Date,classification,Sentiment_Score,total_volume_usd,net_pnl,trade_count,pnl_volatility
2023-05-01,Greed,1.0,477.0,0.0,3,0.0
2023-12-05,Extreme Greed,2.0,50005.83,0.0,9,0.0
2023-12-14,Greed,1.0,113203.35,-205.43473700000007,11,179.66353383090035
2023-12-15,Greed,1.0,10609.95,-24.632033999999997,2,4.474304424985184
2023-12-16,Greed,1.0,15348.77,0.0,3,0.0
2023-12-17,Greed,1.0,116278.02,304.982785,14,43.51261683426808
2023-12-18,Greed,1.0,31164.179999999997,0.0,2,0.0
2023-12-19,Greed,1.0,91602.41,1000.5386120000001,15,183.73537011741135
2023-12-20,Greed,1.0,141636.79,162.732282,18,21.3481314287044
2023-12-21,Greed,1.0,125233.97,537.211402,49,20.811624735703514
2023-12-22,Greed,1.0,88874.28,141.832675,10,40.92671758278208
2023-12-23,Greed,1.0,78438.25,146.936704,13,11.478402785910806
2023-12-24,Greed,1.0,402954.94,1008.619956,39,52.267012077476366
2023-12-25,Greed,1.0,59948.51,-245.081348,3,141.49778224115633
2023-12-27,Greed,1.0,171411.06,-704.8892269999999,28,153.67464419092525
2023-12-28,Greed,1.0,100117.25,-970.730876,23,55.01514381004261
2023-12-29,Greed,1.0,569559.72,508.92214299999995,50,78.11192586732814
2023-12-30,Greed,1.0,702550.21,354.998648,52,68.40190063585914
2024-01-01,Greed,1.0,264239.52999999997,-129.53146,18,85.84776860469921
2024-01-02,Greed,1.0,121348.74,783.979116,17,134.42834386429288
2024-01-03,Greed,1.0,394499.36,866.015507,67,50.415365667933756
2024-01-04,Greed,1.0,99792.54000000001,-67.60364,5,29.544005214373353
2024-01-05,Greed,1.0,1703942.66,164.141565,66,60.7235758141571
2024-01-06,Greed,1.0,298521.4,135.58166400000002,22,37.338371573804935
2024-01-07,Greed,1.0,1048850.06,-835.681235,97,34.037905927281535
2024-01-08,Greed,1.0,1522452.43,-269.874439,128,122.41963598502315
2024-01-09,Extreme Greed,2.0,870051.97,-826.349863,70,214.1803231936485
2024-01-10,Greed,1.0,2057479.48,-1517.091342,193,119.7894328095249
2024-01-11,Extreme Greed,2.0,305314.1,-164.08950099999998,21,101.92627878710132
2024-01-12,Greed,1.0,200082.27,-1925.519024,7,669.9280140108323
2024-01-15,Neutral,0.0,50636.1,152.85358,14,33.645786328134285
2024-01-16,Greed,1.0,116427.33,-2299.171458,9,883.8757688873994
2024-01-17,Greed,1.0,800831.03,813.2741110000001,53,75.6265391448607
2024-01-18,Greed,1.0,424631.52999999997,68.93319,46,39.503091785872144
2024-01-19,Neutral,0.0,428428.97,-385.419235,48,51.79852685525565
2024-01-20,Neutral,0.0,1070090.51,-146.57487000000003,106,38.554282761934644
2024-01-21,Greed,1.0,103129.74,266.58114600000005,11,65.56080670770307
2024-01-22,Greed,1.0,337878.99,1375.640959,85,80.41613478472654
2024-01-23,Neutral,0.0,414518.93000000005,-369.2447299999998,45,613.9643726523253
2024-01-24,Neutral,0.0,965084.59,-2808.353815,68,149.8053621490879
2024-01-25,Neutral,0.0,66566.13,-3093.6293849999997,6,356.6379016697523
2024-01-26,Neutral,0.0,11773.21,90.2,5,40.33866631409621
2024-01-28,Neutral,0.0,18109.03,-2478.06972,11,262.6842407250483
2024-01-29,Greed,1.0,414208.18,486.562542,74,28.607026832226527
2024-01-30,Greed,1.0,401011.38,-173.65419100000003,49,55.423048103905174
2024-01-31,Greed,1.0,6305647.13,-799.840817,859,21.84950915114784
2024-02-01,Greed,1.0,2008.18,0.0,6,0.0
2024-02-02,Greed,1.0,474278.43,456.423473,42,41.93124714430262
2024-02-03,Greed,1.0,603820.0,223.30918699999998,56,68.62663189543068
2024-02-04,Greed,1.0,203187.53,47.62389499999999,35,31.922762604224417
2024-02-05,Greed,1.0,770198.26,-33.45419400000003,72,46.10792460482958
2024-02-06,Greed,1.0,8047153.41,-215.615907,1088,12.69131338108202
2024-02-07,Greed,1.0,6758.73,241.24212,15,56.54657345272468
2024-02-08,Greed,1.0,26051.12,770.756024,10,139.74567826297627
2024-02-11,Greed,1.0,212311.82,983.443176,34,108.62231864377547
2024-02-12,Greed,1.0,227247.69999999998,913.8817869999998,16,828.6571214700353
2024-02-13,Extreme Greed,2.0,1999.99,559.44389,14,37.98023035380744
2024-02-14,Greed,1.0,320839.88,3830.599833,111,46.39591290180694
2024-02-15,Greed,1.0,185188.04,1840.797677,63,316.49357810076214
2024-02-16,Greed,1.0,564896.51,5491.768834,182,123.4402416266129
2024-02-17,Extreme Greed,2.0,406118.07,1929.6418,94,60.99818527497303
2024-02-18,Greed,1.0,157048.17,477.6248299999999,97,82.70537448739243
2024-02-19,Extreme Greed,2.0,286377.2,4317.768563,101,118.65122386431476
2024-02-20,Greed,1.0,119419.72,3263.628824,39,192.32028933388216
2024-02-21,Extreme Greed,2.0,108047.51999999999,1858.7985700000002,22,124.40293552909927
2024-02-22,Greed,1.0,373033.87,3894.1050699999996,88,227.58249822355432
2024-02-23,Extreme Greed,2.0,111106.14,1418.55293,143,13.037213323027334
2024-02-25,Greed,1.0,4480.13,-30.7705,5,8.951179489427636
2024-02-26,Greed,1.0,192187.14,4416.8473,39,224.52232628850106
2024-02-27,Extreme Greed,2.0,209362.3,888.511733,63,91.69654366328295
2024-02-28,Extreme Greed,2.0,171107.13,2503.747235,45,130.75309252773027
2024-02-29,Extreme Greed,2.0,395666.73,9813.996992,116,149.76818963391887
2024-03-01,Extreme Greed,2.0,472974.7,8244.241409,137,111.95860869453276
2024-03-02,Extreme Greed,2.0,63197.56,230.90060000000005,31,250.64780257055287
2024-03-03,Extreme Greed,2.0,390745.68,8361.086245,79,199.82398269178753
2024-03-04,Extreme Greed,2.0,1577996.87,27799.775742,300,152.8211043688667
2024-03-05,Extreme Greed,2.0,841810.32,19791.026041,180,195.65804028577477
2024-03-06,Extreme Greed,2.0,327218.02,6814.825139,82,146.9693030530839
2024-03-08,Extreme Greed,2.0,183583.18,4271.886236,67,148.75855367571137
2024-03-09,Extreme Greed,2.0,658178.75,9949.501624,117,154.56552113291943
2024-03-10,Extreme Greed,2.0,219973.85,2482.9272,42,207.7542700001469
2024-03-11,Extreme Greed,2.0,176519.44999999998,3588.179495,42,196.10462239183906
2024-03-12,Extreme Greed,2.0,103040.85,3039.166,8,521.6006618377291
2024-03-13,Extreme Greed,2.0,6000.799999999999,0.0,7,0.0
2024-03-14,Extreme Greed,2.0,205933.18,3465.865832,18,254.30826281723253
2024-03-15,Extreme Greed,2.0,351894.41,6236.513651,62,195.43403376403242
2024-03-16,Extreme Greed,2.0,37223.66,228.57984,8,80.815177453268
2024-03-17,Extreme Greed,2.0,99506.95,503.293955,23,43.52556412856168
2024-03-18,Extreme Greed,2.0,90458.08,1456.9577,19,275.58147845163944
2024-03-19,Extreme Greed,2.0,219884.84,668.797973,24,103.69610917201797
2024-03-20,Greed,1.0,215705.85,6423.134599,69,320.69467412818193
2024-03-21,Extreme Greed,2.0,117895.57,2335.5080749999997,28,153.73594964500796
2024-03-24,Greed,1.0,92592.20999999999,1297.018477,19,84.64288646631248
2024-03-25,Extreme Greed,2.0,57116.32,1302.916428,7,173.14631124356953
2024-03-26,Extreme Greed,2.0,198565.19,3215.906593,118,39.504335702364344
2024-03-27,Extreme Greed,2.0,99864.79,150.41114,38,13.739361367709469
2024-03-28,Extreme Greed,2.0,35323.72,227.85100799999998,13,21.04651492781009
2024-03-29,Extreme Greed,2.0,86914.37,883.097404,15,95.5086831563824
2024-03-30,Extreme Greed,2.0,101103.92,1100.57514,45,52.44350104198017
2024-03-31,Extreme Greed,2.0,39912.96,912.786145,13,112.05139600499244
2024-04-01,Extreme Greed,2.0,339470.47,2507.963406,77,92.06770180124278
2024-04-02,Extreme Greed,2.0,239664.50999999998,883.760812,41,78.23542802217051
2024-04-03,Greed,1.0,16887.57,126.7884,4,63.3942
2024-04-04,Greed,1.0,95987.73,0.0,32,0.0
2024-04-05,Extreme Greed,2.0,503791.8,10706.484306,100,304.1028007265851
2024-04-06,Extreme Greed,2.0,68223.67,236.33513399999998,16,42.149058574016486
2024-04-07,Extreme Greed,2.0,49988.14,0.0,23,0.0
2024-04-08,Extreme Greed,2.0,211940.64,1218.4267,30,222.45326275219327
2024-04-09,Extreme Greed,2.0,57063.840000000004,0.0,3,0.0
2024-04-10,Extreme Greed,2.0,351735.97,5207.443414,41,197.76893722954745
2024-04-11,Extreme Greed,2.0,76400.96,389.743164,16,69.72639235953248
2024-04-12,Extreme Greed,2.0,442088.59,-592.6458390000001,129,122.96278242038903
2024-04-13,Greed,1.0,486411.25,6621.451755,89,185.05277424135176
2024-04-14,Greed,1.0,659162.17,-36104.012520000004,107,2139.677020173523
2024-04-15,Greed,1.0,291111.19,3774.08872,41,165.5095385447801
2024-04-16,Greed,1.0,181907.17,2467.702221,47,103.5102238356102
2024-04-17,Greed,1.0,97562.99,2441.4683999999997,14,232.6697853775852
2024-04-19,Greed,1.0,337257.92000000004,1946.4454620000001,35,114.02941773198246
2024-04-20,Greed,1.0,60733.24,0.0,22,0.0
2024-04-22,Greed,1.0,47993.61,0.0,9,0.0
2024-04-23,Greed,1.0,233054.9,1119.536196,66,69.72604971216398
2024-04-24,Greed,1.0,141275.24,279.185907,20,47.020172247729526
2024-04-25,Greed,1.0,120241.01,0.0,74,0.0
2024-04-26,Greed,1.0,4988.290000000001,0.0,3,0.0
2024-04-27,Greed,1.0,154264.47,4281.488139,27,205.65189595972714
2024-04-28,Greed,1.0,43985.6,0.0,58,0.0
2024-04-29,Greed,1.0,108699.01,526.9338359999999,45,34.303515225260476
2024-04-30,Greed,1.0,125018.75,0.0,24,0.0
2024-05-01,Neutral,0.0,87025.45,0.0,14,0.0
2024-05-03,Neutral,0.0,282682.64999999997,5306.017045,36,280.85451321791754
2024-05-04,Greed,1.0,58998.75,0.0,9,0.0
2024-05-05,Greed,1.0,24068.350000000002,0.916,6,0.37395543406489856
2024-05-06,Greed,1.0,206016.43,968.59038,9,237.64601629026436
2024-05-07,Greed,1.0,108717.58,883.537693,18,57.79243416391551
2024-05-08,Greed,1.0,65973.57,1.56576,13,1.641780493282545
2024-05-09,Greed,1.0,221966.12,1147.595856,28,92.95513364107583
2024-05-10,Greed,1.0,156882.0,2101.741695,22,240.61922882162773
2024-05-11,Neutral,0.0,63248.95,251.604742,9,38.73340875071258
2024-05-12,Greed,1.0,55179.56,0.0,23,0.0
2024-05-13,Greed,1.0,193118.9,2136.853859,28,243.34956677379947
2024-05-14,Greed,1.0,145853.4,1150.5233050000002,23,172.16967241498202
2024-05-15,Greed,1.0,234922.57,948.970582,36,49.856725134153635
2024-05-16,Greed,1.0,162620.96,214.5898,27,22.074222982345514
2024-05-18,Greed,1.0,126303.14,3522.3946610000003,25,227.39973415277277
2024-05-19,Greed,1.0,29998.09,0.0,8,0.0
2024-05-20,Greed,1.0,38124.75,-74.818442,10,17.723593661416892
2024-05-21,Extreme Greed,2.0,1100948.59,7289.397571999999,125,423.27708989145884
2024-05-22,Extreme Greed,2.0,44995.29,0.0,6,0.0
2024-05-23,Extreme Greed,2.0,401850.6,413.347329,325,5.578175006741024
2024-05-24,Greed,1.0,50811.899999999994,821.949278,2,255.14111984227185
2024-05-25,Extreme Greed,2.0,29991.129999999997,14.126038999999999,16,1.5788774135169148
2024-05-26,Extreme Greed,2.0,53976.67,778.6839,16,184.14441743928418
2024-05-27,Greed,1.0,151115.72,1129.35587,251,10.695100246439745
2024-05-29,Greed,1.0,84268.76,277.791953,164,4.9605585779682295
2024-05-30,Greed,1.0,2838.09,20.951433,7,3.7577088098581393
2024-05-31,Greed,1.0,3636.14,25.35812,13,3.8342365986890954
2024-06-01,Greed,1.0,12834.62,91.510419,25,7.909299454844354
2024-06-02,Greed,1.0,29464.51,192.906947,93,4.425015055071825
2024-06-03,Greed,1.0,21466.86,562.808208,70,11.849209775400267
2024-06-04,Greed,1.0,24243.41,52.211438,53,2.4828445149485265
2024-06-05,Extreme Greed,2.0,25350.77,56.055506,54,2.9096994557928553
2024-06-06,Extreme Greed,2.0,137557.76,274.173187,234,3.3659483181601715
2024-06-07,Extreme Greed,2.0,1098588.76,8902.467416,440,103.25220050843622
2024-06-08,Greed,1.0,97351.88,129.13883900000002,29,13.610694021064663
2024-06-09,Extreme Greed,2.0,22410.22,0.0,17,0.0
2024-06-10,Greed,1.0,46587.93,31.266804999999998,53,1.9665257227845954
2024-06-11,Greed,1.0,373279.92,4320.631811,123,169.7310786091785
2024-06-12,Greed,1.0,193407.96,-21886.531493,254,276.1864377273308
2024-06-13,Greed,1.0,132577.22,6632.757115,79,192.75704215520875
2024-06-14,Greed,1.0,139868.66,10258.592609,31,997.7044158485279
2024-06-15,Greed,1.0,718350.25,3369.958346,78,86.67556232059664
2024-06-16,Greed,1.0,25235.079999999998,0.0,11,0.0
2024-06-17,Greed,1.0,368380.12,10599.502375,38,315.144564194019
2024-06-18,Greed,1.0,263314.79,282.57636,25,29.448076746454035
2024-06-19,Greed,1.0,417071.12,4887.656944,61,180.97142293583357
2024-06-20,Greed,1.0,207990.8,57478.456026,39,4202.023348756396
2024-06-21,Greed,1.0,176264.49,773.5582039999999,80,54.6582097931937
2024-06-22,Neutral,0.0,169594.27000000002,756.876565,24,65.30392406982597
2024-06-23,Greed,1.0,1792.12,0.0,5,0.0
2024-06-24,Neutral,0.0,403002.8,0.0,31,0.0
2024-06-25,Fear,-1.0,103099.08,4869.353105,49,242.73329860014363
2024-06-26,Neutral,0.0,365190.66000000003,4197.732182,72,181.6926720751968
2024-06-27,Fear,-1.0,130486.95,0.0,30,0.0
2024-06-29,Fear,-1.0,280095.11,6150.326145,75,179.89968807670226
2024-06-30,Neutral,0.0,30520.69,0.0,14,0.0
2024-07-01,Neutral,0.0,362670.14999999997,5065.839308,64,207.33447463371925
2024-07-02,Neutral,0.0,33347.47,2421.253116,18,226.36405308073617
2024-07-03,Neutral,0.0,179600.66,1118.387284,18,130.94390209637675
2024-07-04,Fear,-1.0,430568.01,0.0,25,0.0
2024-07-05,Fear,-1.0,272289.89,0.0,32,0.0
2024-07-06,Fear,-1.0,2490.17,108.87217799999999,24,10.03473956812726
2024-07-07,Fear,-1.0,498.75,61.428942,10,4.100173833321266
2024-07-08,Fear,-1.0,497.64,0.0,1,0.0
2024-07-09,Fear,-1.0,2736.45,648.984412,15,40.13596510326193
2024-07-10,Fear,-1.0,687900.21,11977.734907,56,337.8156690082534
2024-07-11,Fear,-1.0,169887.02,1876.812082,19,150.16378122148163
2024-07-12,Fear,-1.0,89582.97,1412.314654,19,112.44287174423458
2024-07-13,Fear,-1.0,139189.19,2913.617837,17,173.27801983740284
2024-07-14,Fear,-1.0,84001.13,0.0,7,0.0
2024-07-15,Neutral,0.0,198344.85,-1.0,26,0.1400758054109933
2024-07-16,Greed,1.0,144000.57,0.0,22,0.0
2024-07-17,Greed,1.0,626005.53,1859.269477,351,11.718171265834037
2024-07-18,Greed,1.0,649704.85,3803.884311,60,87.92602091436942
2024-07-19,Greed,1.0,150269.42,2155.891114,23,179.87386804302622
2024-07-20,Greed,1.0,244362.21,2299.169566,266,53.62978209591339
2024-07-21,Greed,1.0,234307.46,-2960.716887,448,11.365602294450625
2024-07-22,Greed,1.0,304213.8,1517.119876,154,72.41291986688015
2024-07-23,Greed,1.0,358526.54,89890.302206,370,513.7954073277451
2024-07-24,Greed,1.0,69207.93,625.561479,90,19.95680710255259
2024-07-25,Greed,1.0,528555.31,916.7382600000001,78,40.81134378827734
2024-07-26,Greed,1.0,548587.65,2766.513113,152,50.86868522207445
2024-07-27,Greed,1.0,905199.75,6400.623656,57,157.88829917379803
2024-07-28,Greed,1.0,43254.68,587.29903,16,36.25797427381541
2024-07-29,Greed,1.0,327199.14,330.80445399999996,39,21.730673754432168
2024-07-30,Greed,1.0,36006.47,0.0,6,0.0
2024-07-31,Greed,1.0,84506.54,765.690884,43,45.986517776302854
2024-08-01,Neutral,0.0,227774.53,167.080017,57,23.197203266011744
2024-08-02,Greed,1.0,396320.37,782.3681909999999,63,44.14907581961201
2024-08-03,Fear,-1.0,290532.86,464.1897,37,76.3123165975776
2024-08-04,Fear,-1.0,1207744.07,-122672.000883,127,3618.961540622186
2024-08-05,Fear,-1.0,420495.4,-13013.665169,80,795.0273715447163
2024-08-06,Extreme Fear,-2.0,61478.38,267.318048,107,8.28376598603028
2024-08-07,Fear,-1.0,2492.77,188.789255,33,10.349410204930836
2024-08-08,Extreme Fear,-2.0,16299.35,-40.712216999999995,9,9.68187399440364
2024-08-09,Neutral,0.0,503204.86,18082.071276,144,454.8533022933731
2024-08-10,Fear,-1.0,11339.29,0.0,88,0.0
2024-08-11,Fear,-1.0,44230.21,847.7766200000001,24,91.2518343902943
2024-08-12,Fear,-1.0,54167.32,858.6705000000001,48,64.64753431191872
2024-08-13,Fear,-1.0,20797.87,212.08102,23,19.422324125365535
2024-08-14,Fear,-1.0,66710.03,2168.9015130000003,25,329.1190167138969
2024-08-15,Fear,-1.0,1522.3700000000001,0.0,12,0.0
2024-08-16,Fear,-1.0,166382.84,825.230544,35,80.13737948448535
2024-08-17,Fear,-1.0,30248.96,-288.283113,30,52.63305464597027
2024-08-18,Fear,-1.0,62804.48,307.201888,15,30.913873872729887
2024-08-19,Fear,-1.0,100315.03,339.69958299999996,8,67.50399160612497
2024-08-20,Fear,-1.0,49914.8,192.602844,12,55.59965191504375
2024-08-21,Fear,-1.0,104990.41,656.200925,145,16.514528261674556
2024-08-23,Fear,-1.0,63509.56,1005.30527,10,280.4841642773341
2024-08-24,Greed,1.0,34999.67,0.0,7,0.0
2024-08-25,Neutral,0.0,21950.28,0.0,17,0.0
2024-08-26,Greed,1.0,92611.27,231.236918,6,60.225332502001116
2024-08-27,Neutral,0.0,70250.16,0.0,50,0.0
2024-08-28,Fear,-1.0,71160.06999999999,1333.359645,9,294.00593721532755
2024-08-29,Fear,-1.0,9995.85,0.0,1,0.0
2024-08-30,Fear,-1.0,37233.24,256.464,6,104.70098956552417
2024-08-31,Fear,-1.0,107507.43000000001,10.882801,34,0.8923899892238314
2024-09-01,Fear,-1.0,12359.68,137.433093,12,25.479618769976113
2024-09-02,Fear,-1.0,30000.42,0.0,2,0.0
2024-09-04,Fear,-1.0,131480.97,1065.785132,34,462.16602470807555
2024-09-05,Fear,-1.0,0.84,0.0,1,0.0
2024-09-06,Extreme Fear,-2.0,39047.1,-1104.856765,42,21.910908628012873
2024-09-08,Fear,-1.0,0.11,0.0,1,0.0
2024-09-09,Fear,-1.0,4014.4300000000003,0.0,2,0.0
2024-09-10,Fear,-1.0,2547.28,-219.729659,3,96.08066367806516
2024-09-11,Fear,-1.0,0.54,0.0,1,0.0
2024-09-14,Neutral,0.0,1014.8000000000001,0.0,11,0.0
2024-09-18,Neutral,0.0,13633.5,-878.684794,145,4.966129290375059
2024-09-19,Neutral,0.0,1521.8700000000001,0.0,19,0.0
2024-09-20,Neutral,0.0,332873.38,9585.03428,16,2004.9515901146353
2024-09-21,Neutral,0.0,165648.12,36165.56933,23,1429.8114770090967
2024-09-22,Neutral,0.0,19999.739999999998,0.0,3,0.0
2024-09-23,Neutral,0.0,40334.29,334.760796,2,236.7116289270065
2024-09-24,Neutral,0.0,7118.63,0.0,10,0.0
2024-09-25,Greed,1.0,52754.130000000005,0.0,9,0.0
2024-09-26,Neutral,0.0,113711.93000000001,439.812513,8,154.20271831132595
2024-09-27,Greed,1.0,126097.04,0.0,56,0.0
2024-09-28,Greed,1.0,29199.21,0.0,4,0.0
2024-09-30,Greed,1.0,214669.85,2710.626288,106,133.6657057863591
2024-10-01,Neutral,0.0,139954.32,0.0,4,0.0
2024-10-02,Fear,-1.0,99954.34,0.0,4,0.0
2024-10-03,Fear,-1.0,132935.69,100.375782,9,20.273575382952355
2024-10-04,Fear,-1.0,0.34,0.0,1,0.0
2024-10-05,Neutral,0.0,605605.74,5767.161892,37,217.0879728346648
2024-10-06,Neutral,0.0,300130.56,130.487079,22,17.741123762831634
2024-10-07,Neutral,0.0,219984.65,0.0,21,0.0
2024-10-08,Neutral,0.0,434584.13,5396.546638,36,223.40754741053024
2024-10-09,Neutral,0.0,220399.93,396.06272,14,61.54299038481661
2024-10-10,Fear,-1.0,300024.33999999997,0.0,16,0.0
2024-10-11,Fear,-1.0,488904.19,8885.327477,26,367.9830904604618
2024-10-12,Neutral,0.0,159713.4,541.55471,10,63.374247509280295
2024-10-13,Neutral,0.0,60002.42,0.0,10,0.0
2024-10-14,Neutral,0.0,61916.020000000004,1913.61958,5,497.27205914834235
2024-10-15,Greed,1.0,81173.36,1170.2260760000001,7,347.7876385038441
2024-10-16,Greed,1.0,80229.17,219.480876,11,35.58157491300189
2024-10-17,Greed,1.0,140531.75,36.11496,9,12.830443659406326
2024-10-18,Greed,1.0,120331.43000000001,333.219141,6,51.489580908627175
2024-10-19,Greed,1.0,99996.86,0.0,4,0.0
2024-10-20,Greed,1.0,176447.86000000002,389.155797,96,13.65197281145091
2024-10-21,Greed,1.0,324117.99,2464.915564,173,40.07987913321128
2024-10-22,Greed,1.0,60000.36,0.0,3,0.0
2024-10-23,Greed,1.0,210006.07,-46.489941,18,6.37713910085234
2024-10-25,Greed,1.0,427883.18,13235.862071,30,1366.4039341402422
2024-10-27,Greed,1.0,90664.41,666.6623079999999,4,293.9572048762827
2024-10-28,Greed,1.0,121495.25,167.28016200000002,13,44.454488070634156
2024-10-29,Greed,1.0,613267.8099999999,801.170876,53,99.68468397007351
2024-10-30,Extreme Greed,2.0,11830.85,9.150023,25,1.0256853979943898
2024-10-31,Extreme Greed,2.0,896173.36,1214.043811,48,33.00414935089389
2024-11-01,Extreme Greed,2.0,260981.03,1040.475736,23,154.1983753462747
2024-11-02,Greed,1.0,40000.0,0.0,2,0.0
2024-11-03,Greed,1.0,129055.66,0.0,6,0.0
2024-11-04,Greed,1.0,451811.97,2799.410474,36,118.94285081013497
2024-11-05,Greed,1.0,200627.23,678.4759280000001,10,93.32108146532121
2024-11-06,Greed,1.0,123906.9,2817.83723,15,309.14971367702964
2024-11-07,Extreme Greed,2.0,111335.3,4493.353136,113,107.40420684370638
2024-11-08,Extreme Greed,2.0,270700.44,-64.41354100000007,39,72.4018294193872
2024-11-09,Extreme Greed,2.0,193384.41,102.90894,86,2.90992297730476
2024-11-10,Extreme Greed,2.0,413636.7,991.114334,173,22.471438317729593
2024-11-11,Extreme Greed,2.0,1570572.42,6749.630996,373,60.90235280005483
2024-11-12,Extreme Greed,2.0,1226354.52,3494.399394,171,80.90406191682668
2024-11-13,Extreme Greed,2.0,515336.37,7846.402274,48,358.50791769432567
2024-11-14,Extreme Greed,2.0,1008361.81,4563.509225,110,89.20897697893908
2024-11-15,Extreme Greed,2.0,1427858.42,4140.740438,149,61.955774894975356
2024-11-16,Extreme Greed,2.0,303296.07,2769.521909,157,44.303347474612096
2024-11-17,Extreme Greed,2.0,1215987.57,882.975285,209,17.261524113421817
2024-11-18,Extreme Greed,2.0,2084339.58,4470.815187,346,87.8216130663201
2024-11-19,Extreme Greed,2.0,628031.15,2958.268991,305,37.73186830724049
2024-11-20,Extreme Greed,2.0,1999514.1199999999,4210.0928969999995,550,54.544471794452775
2024-11-21,Extreme Greed,2.0,598300.62,1692.430891,535,23.071714613651217
2024-11-22,Extreme Greed,2.0,1646713.62,-18105.345617,679,305.88652723565343
2024-11-23,Extreme Greed,2.0,516245.68,2901.531638,363,25.92430088738888
2024-11-24,Extreme Greed,2.0,664952.28,945.550386,172,24.231829677959688
2024-11-25,Extreme Greed,2.0,937410.87,5523.740734,255,136.53631849159856
2024-11-26,Extreme Greed,2.0,1146902.44,1094.809359,302,55.535465040558826
2024-11-27,Extreme Greed,2.0,1444242.53,-2654.495633,213,56.196623877144376
2024-11-28,Extreme Greed,2.0,1894225.15,-127075.39958499999,332,1422.4245637679367
2024-11-29,Extreme Greed,2.0,794262.91,176844.994152,393,2425.1393783219637
2024-11-30,Extreme Greed,2.0,1732193.7,37316.69352,373,327.5103351176057
2024-12-01,Extreme Greed,2.0,814711.82,40886.364494,416,338.03944268346726
2024-12-02,Extreme Greed,2.0,585243.56,18489.604313,270,379.90364074572494
2024-12-03,Extreme Greed,2.0,1084666.53,23576.539285,374,229.00768096588675
2024-12-04,Extreme Greed,2.0,769287.65,292891.815021,319,4090.2838520231076
2024-12-05,Extreme Greed,2.0,1256750.79,71574.11848800001,456,1402.284112762816
2024-12-06,Greed,1.0,3471019.22,-92624.643895,403,6326.353243835444
2024-12-07,Extreme Greed,2.0,451733.42,85906.279067,304,2478.915786497859
2024-12-08,Extreme Greed,2.0,932939.72,15965.933436,420,232.61343396421137
2024-12-09,Extreme Greed,2.0,983949.68,6310.967676,539,100.89854795146519
2024-12-10,Extreme Greed,2.0,3150424.08,39325.770231,1596,141.48990698368283
2024-12-11,Greed,1.0,2194098.33,319051.554217,1221,2003.1396625321522
2024-12-12,Extreme Greed,2.0,4557189.87,599151.795008,1932,1920.807926510415
2024-12-13,Extreme Greed,2.0,2880824.64,31935.901745,1173,194.07940958725385
2024-12-14,Extreme Greed,2.0,2369561.78,167801.399244,1235,647.5595884815575
2024-12-15,Extreme Greed,2.0,2583269.81,97525.315279,1697,400.0229746982094
2024-12-16,Extreme Greed,2.0,2740808.97,166774.344133,1055,863.2966321796321
2024-12-17,Extreme Greed,2.0,5233597.63,219591.305172,1941,546.8152085057872
2024-12-18,Extreme Greed,2.0,3798887.07,13682.994673,1429,90.0826143121339
2024-12-19,Extreme Greed,2.0,8241709.39,62744.004486000005,3339,219.82362949794262
2024-12-20,Greed,1.0,7681274.71,254969.660039,2488,462.26198976634464
2024-12-21,Greed,1.0,4382875.12,150022.163157,1681,263.0365857341915
2024-12-22,Greed,1.0,3087320.22,352197.163973,774,1859.8434888414529
2024-12-23,Greed,1.0,6771878.26,-29430.626577,2347,714.3762237450253
2024-12-24,Greed,1.0,1767036.11,14813.780116,338,352.00417886710017
2024-12-25,Greed,1.0,347889.35,756.6570469999998,208,89.4369605189536
2024-12-26,Extreme Greed,2.0,2205242.65,60228.639722,697,837.1572532043537
2024-12-27,Greed,1.0,347913.0,2672.811035,260,55.81376867703737
2024-12-28,Greed,1.0,281555.01,940.673623,161,29.85731881145236
2024-12-29,Greed,1.0,344628.54,2884.067927,201,84.84325152956883
2024-12-30,Greed,1.0,1073865.73,9009.738137,304,198.72959921857932
2024-12-31,Greed,1.0,877164.62,5445.01281,306,108.99687767512427
2025-01-01,Greed,1.0,282582.1,-9528.065345,96,989.3224125030252
2025-01-02,Greed,1.0,774674.84,8716.519087,361,117.65384746788118
2025-01-03,Greed,1.0,771208.99,6028.486793,508,63.36348991609002
2025-01-04,Greed,1.0,1826029.6199999999,2553.537968,371,75.44665860042967
2025-01-05,Greed,1.0,451943.57,3187.719363,239,59.881873800685874
2025-01-06,Extreme Greed,2.0,556526.99,6064.185393,573,104.19079085435088
2025-01-07,Extreme Greed,2.0,1313178.1,16098.227531,637,79.2581805510636
2025-01-08,Greed,1.0,3177275.18,130117.090554,1039,2408.3681940977062
2025-01-09,Greed,1.0,1020733.25,46975.928902,522,658.1149316624325
2025-01-10,Neutral,0.0,6547449.68,-10116.875552,819,816.5240640739952
2025-01-11,Greed,1.0,1658098.71,2269.080536,283,43.43091035574405
2025-01-12,Greed,1.0,2258459.17,5742.241803,602,150.46366054945935
2025-01-13,Greed,1.0,2936648.0100000002,9655.429352,408,77.40018335810606
2025-01-14,Greed,1.0,876581.97,16069.512355,275,146.32035377772365
2025-01-15,Greed,1.0,1801599.8900000001,14819.5883,267,189.6085235008543
2025-01-16,Extreme Greed,2.0,3049692.96,20807.709328,371,566.3419882789403
2025-01-17,Extreme Greed,2.0,1110230.46,7006.415608,238,198.25145103146025
2025-01-18,Extreme Greed,2.0,2711629.88,443.2330819999997,651,330.24136524302247
2025-01-19,Extreme Greed,2.0,9715215.3,87923.799302,1567,604.713913705048
2025-01-20,Extreme Greed,2.0,8287327.01,87277.239173,1315,569.11572956866
2025-01-21,Extreme Greed,2.0,1523729.82,11077.839421,530,111.25104651632293
2025-01-22,Extreme Greed,2.0,1778406.43,20524.408057,832,156.5100803482523
2025-01-23,Extreme Greed,2.0,3697028.66,101256.24216,1218,341.1383231952165
2025-01-24,Extreme Greed,2.0,1611433.45,10602.779738,874,80.89983729393776
2025-01-25,Extreme Greed,2.0,1239377.7,-10348.016255999999,506,490.2783467561706
2025-01-26,Greed,1.0,1201173.66,40823.466668,451,461.7192943559634
2025-01-27,Greed,1.0,1508028.31,41331.765392,773,353.4714697323709
2025-01-28,Greed,1.0,579412.17,17979.613973,498,81.72678441252614
2025-01-29,Greed,1.0,1897513.41,23421.01147,910,91.52029500857424
2025-01-30,Greed,1.0,3014397.17,23097.471385,1067,113.20284838153209
2025-01-31,Extreme Greed,2.0,2783411.48,35868.296773,1016,134.44285309446968
2025-02-01,Greed,1.0,1363746.44,32300.205017,634,446.4149984530011
2025-02-02,Greed,1.0,5661092.29,162854.759623,1319,1386.063749537317
2025-02-03,Fear,-1.0,22592901.37,348871.326269,2380,1292.2669438694834
2025-02-04,Greed,1.0,15678409.27,416876.88812,2512,2184.1682347008123
2025-02-05,Neutral,0.0,8743231.51,56706.235562,1297,444.31734690264386
2025-02-06,Neutral,0.0,2818508.87,33803.799733,1703,609.1348918969087
2025-02-07,Fear,-1.0,3460263.54,22450.002091,1524,94.68612173896997
2025-02-08,Fear,-1.0,839734.97,586.703253,575,11.464135616658202
2025-02-09,Neutral,0.0,2920919.7,150551.829492,764,2082.4614891202827
2025-02-10,Fear,-1.0,3624958.44,63908.49465,889,921.8916254848083
2025-02-11,Neutral,0.0,2797544.17,-6093.784817,848,127.34220698976809
2025-02-12,Neutral,0.0,4143974.54,19848.635032,1031,351.50279374147897
2025-02-13,Neutral,0.0,3199852.21,27829.534238,1370,115.2749060467816
2025-02-14,Neutral,0.0,4007103.42,213860.675308,1655,532.3132229110405
2025-02-15,Neutral,0.0,1712852.95,45042.92701,932,338.46361083281846
2025-02-16,Neutral,0.0,806177.64,2369.478425,681,12.19814466020818
2025-02-17,Neutral,0.0,2031044.64,1818.573295,941,33.8310065066735
2025-02-18,Neutral,0.0,3371128.68,91204.672403,1676,402.7229620509518
2025-02-19,Fear,-1.0,3263930.24,14985.794701,1361,61.23254296974973
2025-02-20,Neutral,0.0,4628609.29,46008.794102,2012,157.96383053076914
2025-02-21,Greed,1.0,3972159.88,119693.49395,1873,366.09286225427314
2025-02-22,Neutral,0.0,3175570.2,25278.704178,686,176.9982164477057
2025-02-23,Neutral,0.0,1141310.74,10656.934251,520,123.32426355829121
2025-02-24,Neutral,0.0,11223619.59,38470.176242,5616,55.56892309267754
2025-02-25,Fear,-1.0,19414984.36,204762.177034,6246,673.7439962496502
2025-02-26,Extreme Fear,-2.0,4946958.13,63229.063129,1176,406.24323217797456
2025-02-27,Extreme Fear,-2.0,1999898.43,-36525.167517,890,517.9053830350915
2025-02-28,Extreme Fear,-2.0,4123660.77,225628.108748,1019,3851.3712028844916
2025-03-01,Extreme Fear,-2.0,263824.13,10596.108968,174,134.45844944800064
2025-03-02,Fear,-1.0,6460848.74,66914.320708,532,523.6453822891723
2025-03-03,Fear,-1.0,8244590.38,616413.032233,1482,1682.4075657180047
2025-03-04,Extreme Fear,-2.0,11124247.15,182075.566585,2402,940.9538347121356
2025-03-05,Extreme Fear,-2.0,9193654.22,269328.365917,1660,1724.8671279418056
2025-03-06,Fear,-1.0,6765324.96,16101.125561,760,163.11101162302057
2025-03-07,Fear,-1.0,19854275.48,150236.061627,2552,278.36230520474373
2025-03-08,Fear,-1.0,892083.51,24700.773359,529,218.21981324664878
2025-03-09,Fear,-1.0,10419697.99,19773.457395,1422,83.14231057374892
2025-03-10,Extreme Fear,-2.0,16811790.68,-10010.027269999999,2911,598.2310344559482
2025-03-11,Extreme Fear,-2.0,14016952.09,-76880.729036,3286,284.15739785646804
2025-03-12,Fear,-1.0,18618139.15,288105.984215,3968,541.1021890156194
2025-03-13,Neutral,0.0,3285591.22,14114.870873,962,114.25301264822082
2025-03-14,Fear,-1.0,8047187.16,68646.160089,2210,241.26619975032932
2025-03-15,Neutral,0.0,2355749.54,78694.624572,261,1437.1563922090597
2025-03-16,Fear,-1.0,10187921.51,-7910.943544999999,530,799.610022581558
2025-03-17,Fear,-1.0,3592895.05,26163.906513,920,130.36244691738273
2025-03-18,Fear,-1.0,4050655.47,72322.788824,834,1190.357985851897
2025-03-19,Fear,-1.0,4598813.57,29374.682341,1612,118.43599190620486
2025-03-20,Neutral,0.0,1652257.93,10246.859436,771,67.20472187875403
2025-03-21,Fear,-1.0,2543903.39,6951.270374,698,54.71326809694039
2025-03-22,Fear,-1.0,971809.42,12498.535254,535,90.3328712770384
2025-03-23,Fear,-1.0,2593519.67,14047.421585,447,157.7488368670644
2025-03-24,Neutral,0.0,3017587.05,107878.961301,1027,1157.024782283737
2025-03-25,Neutral,0.0,5372519.77,32030.90678,791,272.71532758680485
2025-03-26,Neutral,0.0,7597754.37,15802.167427,3102,91.09493587755279
2025-03-27,Fear,-1.0,3240279.46,58825.359221,785,315.07403347375833
2025-03-28,Fear,-1.0,1483092.61,21337.179335,728,149.5584882417023
2025-03-29,Fear,-1.0,3668151.83,12098.872931,1894,148.35227843946458
2025-03-30,Fear,-1.0,2850874.96,15795.11514,568,221.1953359721309
2025-03-31,Fear,-1.0,2164772.4699999997,6978.184557,495,323.1311708660487
2025-04-01,Fear,-1.0,704445.1900000001,-2202.6622420000003,192,297.0927135926486
2025-04-02,Fear,-1.0,3867930.6,202212.740938,1076,783.0878201791388
2025-04-03,Fear,-1.0,8670233.15,-2365.961276,1748,81.23364439225159
2025-04-04,Fear,-1.0,3835545.73,-25515.678949999998,1272,581.2639206142574
2025-04-05,Fear,-1.0,1267564.22,35907.33771,360,333.05923440903956
2025-04-06,Fear,-1.0,3551252.06,47053.449272,1048,464.3283247115555
2025-04-07,Extreme Fear,-2.0,14460253.14,34527.370305,2814,651.4553059500641
2025-04-08,Extreme Fear,-2.0,8869391.4,34899.394798,943,299.82321782812363
2025-04-09,Extreme Fear,-2.0,28556806.47,43120.444797,3967,768.8032668175019
2025-04-10,Fear,-1.0,28741953.29,158261.822261,2127,528.5261250033769
2025-04-11,Fear,-1.0,11319327.07,126406.479081,1096,1053.703425023061
2025-04-12,Fear,-1.0,55914617.49,410419.694533,2109,3804.4483148577447
2025-04-13,Neutral,0.0,14171154.79,48696.021521,1321,312.0512492817143
2025-04-14,Fear,-1.0,13079972.98,45680.443063,890,371.3131179694784
2025-04-15,Fear,-1.0,20752168.24,72357.706282,1131,509.9926590211078
2025-04-16,Fear,-1.0,36502715.9,58631.730257,1608,398.1610312928065
2025-04-17,Fear,-1.0,2604551.51,5427.919886,1031,35.53346284252171
2025-04-18,Fear,-1.0,24610650.46,4880.4047439999995,1894,859.4371749589807
2025-04-19,Fear,-1.0,32706462.71,71950.577495,2786,250.8012104737391
2025-04-20,Fear,-1.0,12126094.05,25060.341936,1982,302.1540722308167
2025-04-21,Fear,-1.0,42104054.84,34369.267906999994,1718,542.9010428308851
2025-04-22,Neutral,0.0,33753625.24,58652.763578,2998,373.4606094578802
2025-04-23,Greed,1.0,30682443.79,-419020.225731,6159,1461.7777309431785
2025-04-24,Greed,1.0,35088918.64,50704.395965,2232,155.5360185297309
2025-04-25,Greed,1.0,27749455.78,20218.859206,1653,77.93985191492679
2025-04-26,Greed,1.0,11948127.77,-4125.753942,1131,52.04454647609949
2025-04-27,Greed,1.0,487537.69,2702.067468,337,45.32483984864426
2025-04-28,Neutral,0.0,26124921.49,36906.813759,1379,381.983103446108
2025-04-29,Greed,1.0,34089511.66,125749.613427,2243,420.73601102444695
2025-04-30,Greed,1.0,12693878.85,14003.797269,1113,64.65423825477585
2025-05-01,Neutral,0.0,10720240.52,54536.829297000004,1230,972.822640253054
